{"metadata":{"asset_id":"7ff51567-ca5b-4701-bb03-013c9256bc53","asset_type":"connection","creator_id":"1000331002"},"entity":{"datasource_type":"8c1a4480-1c29-4b33-9086-9cb799d7b157","description":"DB2 created by Hollis Chui","name":"db2-dataops-hc","origin_country":"us","properties":{"database":"bludb","password":"DW6uqMynQrQhKgTy","username_password_security":"default","port":"32733","host":"54a2f15b-5c0f-46df-8954-7e38e612c2bd.c1ogj3sd0tgtu0lqde00.databases.appdomain.cloud","username_password_encryption":"default","ssl":"true","username":"xky19040"}}}