[{"metadata":{"asset_id":"e6bfaea5-aa76-42ab-9f69-1bb8c81e84ae","asset_type":"data_intg_flow","catalog_id":"60800324-d008-404c-8959-c4581e172e74","create_time":"2022-06-01T22:02:37.000Z","creator_id":"1000331002","name":"Healthcare_Patients","origin_country":"us","size":29716,"project_id":"9ad985dd-f103-4da5-95c4-36c6467a78d5","resource_key":"9ad985dd-f103-4da5-95c4-36c6467a78d5/data_intg_flow/Healthcare_Patients","description":"","tags":[],"usage":{"last_access_time":"2022-06-01T22:25:16.222Z","last_accessor_id":"1000331002","access_count":0}},"entity":{"data_intg_flow":{"mime_type":"application/json","dataset":false}},"attachments":[{"test_doc":0,"object_key":"data_intg_flow/9ad985dd-f103-4da5-95c4-36c6467a78d5e6bfaea5-aa76-42ab-9f69-1bb8c81e84ae","create_time":1654122290998,"complete_time_ticks":1654122290998,"mime":"application/json","usage":{"access_count":0,"last_accessor_id":"1000331002","last_access_time":1654122290998},"is_remote":false,"handle":{"max_part_num":1,"upload_id":"done","key":"data_intg_flow/9ad985dd-f103-4da5-95c4-36c6467a78d5e6bfaea5-aa76-42ab-9f69-1bb8c81e84ae"},"is_user_provided_path_key":true,"user_data":{},"version":2,"size":24989,"is_partitioned":false,"datasource_type":"81bafdbd-b7c6-45c5-a4fd-6ec135f66f4e","transfer_complete":true,"asset_type":"data_intg_flow","name":"data_intg_flows","creator_id":"1000331002","id":"a52f2ba7-0d05-4747-8646-cb200229febe","is_referenced":true,"is_managed":false,"is_object_key_read_only":false},{"test_doc":0,"object_key":"data_intg_flow/9ad985dd-f103-4da5-95c4-36c6467a78d5e6bfaea5-aa76-42ab-9f69-1bb8c81e84aepx_executables","create_time":1654122316221,"complete_time_ticks":1654122316221,"mime":"application/octet-stream","usage":{"access_count":0,"last_accessor_id":"1000331002","last_access_time":1654122316221},"is_remote":false,"handle":{"max_part_num":1,"upload_id":"done","key":"data_intg_flow/9ad985dd-f103-4da5-95c4-36c6467a78d5e6bfaea5-aa76-42ab-9f69-1bb8c81e84aepx_executables"},"is_user_provided_path_key":true,"user_data":{},"version":2,"size":4727,"is_partitioned":false,"datasource_type":"81bafdbd-b7c6-45c5-a4fd-6ec135f66f4e","transfer_complete":true,"asset_type":"data_intg_flow","name":"px_executables","creator_id":"1000331002","id":"783f1b19-3a16-4f74-a34c-e8cd235b7644","is_referenced":true,"is_managed":false,"is_object_key_read_only":false}]}]