{"metadata":{"asset_id":"213a17e8-1db7-4b68-9304-fce9c32ee0fc","asset_attributes":["data_asset"],"name":"PATIENTS_processed","asset_type":"data_asset","created_at":"2022-06-01T22:31:15Z","description":"","origin_country":"none","owner_id":"1000331002","project_id":"9ad985dd-f103-4da5-95c4-36c6467a78d5","size":0,"tags":["connected-data"],"usage":{"last_update_time":1654122676251,"last_updated_at":"2022-06-01T22:31:16Z"}},"entity":{"data_asset":{"mime_type":"application/x-ibm-rel-table","dataset":true,"columns":[{"name":"PATIENT_ID","type":{"length":36,"nullable":true,"type":"nvarchar","scale":0,"signed":false}},{"name":"BIRTHDATE","type":{"length":10,"nullable":true,"type":"date","scale":0,"signed":false}},{"name":"DEATHDATE","type":{"length":10,"nullable":true,"type":"date","scale":0,"signed":false}},{"name":"SSN","type":{"length":11,"nullable":true,"type":"nvarchar","scale":0,"signed":false}},{"name":"DRIVERS_LICENSE","type":{"length":9,"nullable":true,"type":"nvarchar","scale":0,"signed":false}},{"name":"PASSPORT","type":{"length":9,"nullable":true,"type":"nvarchar","scale":0,"signed":false}},{"name":"PREFIX","type":{"length":4,"nullable":true,"type":"nvarchar","scale":0,"signed":false}},{"name":"FIRST_NAME","type":{"length":12,"nullable":true,"type":"nvarchar","scale":0,"signed":false}},{"name":"LAST_NAME","type":{"length":13,"nullable":true,"type":"nvarchar","scale":0,"signed":false}},{"name":"SUFFIX","type":{"length":2,"nullable":true,"type":"nvarchar","scale":0,"signed":false}},{"name":"MAIDEN_NAME","type":{"length":12,"nullable":true,"type":"nvarchar","scale":0,"signed":false}},{"name":"MARITAL","type":{"length":7,"nullable":true,"type":"nvarchar","scale":0,"signed":false}},{"name":"RACE","type":{"length":6,"nullable":true,"type":"nvarchar","scale":0,"signed":false}},{"name":"ETHNICITY","type":{"length":12,"nullable":true,"type":"nvarchar","scale":0,"signed":false}},{"name":"GENDER","type":{"length":1,"nullable":true,"type":"nvarchar","scale":0,"signed":false}},{"name":"BIRTHPLACE","type":{"length":54,"nullable":true,"type":"nvarchar","scale":0,"signed":false}},{"name":"ADDRESS","type":{"length":35,"nullable":true,"type":"nvarchar","scale":0,"signed":false}},{"name":"CITY","type":{"length":16,"nullable":true,"type":"nvarchar","scale":0,"signed":false}},{"name":"STATE","type":{"length":13,"nullable":true,"type":"nvarchar","scale":0,"signed":false}},{"name":"COUNTY","type":{"length":10,"nullable":true,"type":"nvarchar","scale":0,"signed":false}},{"name":"ZIP","type":{"length":10,"nullable":true,"type":"nvarchar","scale":0,"signed":false}},{"name":"LAT","type":{"length":18,"nullable":true,"type":"decimal","scale":8,"signed":true}},{"name":"LON","type":{"length":18,"nullable":true,"type":"decimal","scale":8,"signed":true}},{"name":"HEALTHCARE_EXPENSES","type":{"length":11,"nullable":true,"type":"decimal","scale":2,"signed":true}},{"name":"HEALTHCARE_COVERAGE","type":{"length":10,"nullable":true,"type":"decimal","scale":2,"signed":true}},{"name":"AGE","type":{"length":10,"nullable":false,"type":"integer","scale":0,"signed":true}}]}},"attachments":[{"id":"c2f91106-db26-4cd2-9ebf-bd3d9ee05182","version":2,"asset_type":"data_asset","name":"PATIENTS_processed","description":"remote","mime":"application/x-ibm-rel-table","connection_id":"7ff51567-ca5b-4701-bb03-013c9256bc53","connection_path":"/XKY19040/PATIENTS_processed","datasource_type":"8c1a4480-1c29-4b33-9086-9cb799d7b157","creator_id":"1000331002","create_time":1654122676224,"size":0,"is_remote":true,"is_managed":false,"is_referenced":false,"is_object_key_read_only":false,"is_user_provided_path_key":true,"transfer_complete":true,"is_partitioned":false,"complete_time_ticks":1654122676224,"user_data":{},"test_doc":0,"usage":{"access_count":0,"last_accessor_id":"1000331002","last_access_time":1654122676224}}]}