{"metadata":{"asset_id":"a80f9aa3-68b0-49c6-a920-d1d300abfd29","asset_attributes":["job"],"name":"Healthcare_Patients.DataStage job","asset_type":"job","created_at":"2022-06-01T22:27:46Z","description":"","origin_country":"us","owner_id":"1000331002","project_id":"9ad985dd-f103-4da5-95c4-36c6467a78d5","size":0,"tags":[],"usage":{"last_update_time":1654122466375,"last_updated_at":"2022-06-01T22:27:46Z"}},"entity":{"job":{"asset_ref_type":"data_intg_flow","configuration":{"env_variables":[],"flow_limits":{"warn_limit":100},"job_parameters":[],"env_type":""},"last_run_initiator":"None","last_run_time":"","last_run_status":"None","last_run_status_timestamp":0,"future_scheduled_runs":[],"enable_notifications":true,"project_name":"Healthcare data stage","asset_ref":"e6bfaea5-aa76-42ab-9f69-1bb8c81e84ae","schedule_id":"","schedule_creator_id":""}}}