{"metadata":{"asset_id":"d0c60de8-aebb-437b-9680-78df989d12f4","asset_attributes":["job_run"],"name":"job run","asset_type":"job_run","created_at":"2022-06-01T22:27:48Z","description":"","origin_country":"us","owner_id":"1000331002","project_id":"9ad985dd-f103-4da5-95c4-36c6467a78d5","size":0,"tags":[],"usage":{"last_update_time":1654122508328,"last_updated_at":"2022-06-01T22:28:28Z"}},"entity":{"job_run":{"job_ref":"a80f9aa3-68b0-49c6-a920-d1d300abfd29","job_name":"Healthcare_Patients.DataStage job","job_type":"data_intg_flow","state":"Completed","isScheduledRun":false,"configuration":{"env_variables":["HARDWARE_SPECIFICATION={'datastage':{'compute':{'mem':{'size':'12Gi'},'cpu':{'model':'','units':'3'}},'num_conductors':1,'instance':'ds-px-default','num_computes':2,'conductor':{'mem':{'size':'4Gi'},'cpu':{'model':'','units':'1'}}},'built_in':false}","instance_id=ds-px-default","instance_location=https://datastage-ibm-datastage-ds-nginx.tools.svc"],"flow_limits":{"warn_limit":100},"job_parameters":[],"env_type":""},"project_name":"Healthcare data stage","runtime_job_id":"d0c60de8-aebb-437b-9680-78df989d12f4","duration":24,"last_state_change_timestamp":"2022-06-01T22:28:28Z","stage_metrics":[{"rows_read":0,"rows_written":297,"stage_name":"PATIENTS_1","state":"finished"}],"link_metrics":[{"start_time":"2022-06-01 22:28:15","rows_read":0,"rows_written":297,"stop_time":"2022-06-01 22:28:25","source":"PATIENTS_1","state":"finished","link_name":"Link_1"}]}},"attachments":[{"id":"4b18417b-16c0-4044-a87e-622df0c80716","version":2,"asset_type":"job_run","name":"d0c60de8-aebb-437b-9680-78df989d12f4","description":"log for job run d0c60de8-aebb-437b-9680-78df989d12f4","mime":"application/json","datasource_type":"81bafdbd-b7c6-45c5-a4fd-6ec135f66f4e","object_key":"job_run/log/d0c60de8-aebb-437b-9680-78df989d12f4","creator_id":"icp4d-dev","create_time":1654122508231,"size":0,"is_remote":false,"is_managed":false,"is_referenced":true,"is_object_key_read_only":false,"is_user_provided_path_key":true,"transfer_complete":true,"is_partitioned":true,"complete_time_ticks":1654122508231,"user_data":{},"test_doc":0,"handle":{"key":"job_run/log/d0c60de8-aebb-437b-9680-78df989d12f4","upload_id":"done","max_part_num":1},"usage":{"access_count":0,"last_accessor_id":"icp4d-dev","last_access_time":1654122508231}}]}